city,city_ascii,lat,lng,country,iso2,iso3,admin_name,capital,population,id
LudhiƒÅna,"Ludhiana","30.9083","75.8486","India","IN","IND","Punjab","","1618879","1356929498"
Novosibirsk,"Novosibirsk","55.0333","82.9167","Russia","RU","RUS","Novosibirskaya Oblast‚Äô","admin","1602915","1643399240"
Chengtangcun,"Chengtangcun","35.0833","117.1500","China","CN","CHN","Shandong","","1603659","1156883901"
ƒÄgra,"Agra","27.1724","78.0131","India","IN","IND","Uttar Pradesh","","1592000","1356187395"
Karaj,"Karaj","35.8327","50.9915","Iran","IR","IRN","Alborz","admin","1592492","1364258511"
Wenzhou,"Wenzhou","27.9991","120.6561","China","CN","CHN","Zhejiang","","1588700","1156188829"
Indianapolis,"Indianapolis","39.7771","-86.1458","United States","US","USA","Indiana","admin","1588961","1840030084"
Le√≥n de los Aldama,"Leon de los Aldama","21.1167","-101.6833","Mexico","MX","MEX","Guanajuato","minor","1579803","1484811199"
Puebla,"Puebla","19.0333","-98.1833","Mexico","MX","MEX","Puebla","admin","1576259","1484416394"
KalyƒÅn,"Kalyan","19.2502","73.1602","India","IN","IND","MahƒÅrƒÅshtra","","1576614","1356172246"
Madurai,"Madurai","9.9197","78.1194","India","IN","IND","Tamil NƒÅdu","minor","1561129","1356257289"
Mbuji-Mayi,"Mbuji-Mayi","-6.1209","23.5967","Congo (Kinshasa)","CD","COD","Kasa√Ø Oriental","admin","1559073","1180399586"
Hebi,"Hebi","35.7497","114.2887","China","CN","CHN","Henan","","1569208","1156114258"
Shƒ´rƒÅz,"Shiraz","29.6100","52.5425","Iran","IR","IRN","FƒÅrs","admin","1565572","1364432238"
Jamshedpur,"Jamshedpur","22.8000","86.1833","India","IN","IND","Jharkhand","","1558000","1356501259"
Columbus,"Columbus","39.9862","-82.9850","United States","US","USA","Ohio","admin","1562009","1840003760"
Tabrƒ´z,"Tabriz","38.0833","46.2833","Iran","IR","IRN","ƒÄzÃÑarbƒÅyjƒÅn-e Sharqƒ´","admin","1558693","1364141756"
Maracaibo,"Maracaibo","10.6333","-71.6333","Venezuela","VE","VEN","Zulia","admin","1551539","1862072711"
Kawasaki,"Kawasaki","35.5167","139.7000","Japan","JP","JPN","Kanagawa","","1539522","1392003356"
Aba,"Aba","5.1167","7.3667","Nigeria","NG","NGA","Abia","minor","1530000","1566262000"
Palembang,"Palembang","-2.9833","104.7644","Indonesia","ID","IDN","Sumatera Selatan","admin","1535952","1360902897"
Zhangjiajie,"Zhangjiajie","29.1255","110.4844","China","CN","CHN","Hunan","minor","1537900","1156072884"
K≈çbe,"Kobe","34.6913","135.1830","Japan","JP","JPN","Hy≈çgo","admin","1513193","1392978082"
Charlotte,"Charlotte","35.2080","-80.8304","United States","US","USA","North Carolina","","1512923","1840014557"
Changshu,"Changshu","31.6500","120.7333","China","CN","CHN","Jiangsu","","1510100","1156901538"
Lianjiang,"Lianjiang","21.6146","110.2794","China","CN","CHN","Guangdong","","1509400","1156944106"
Ximeicun,"Ximeicun","24.9633","118.3811","China","CN","CHN","Fujian","","1508000","1156173813"
Jianguang,"Jianguang","28.1958","115.7833","China","CN","CHN","Jiangxi","","1507402","1156545200"
Yucheng,"Yucheng","29.9888","103.0007","China","CN","CHN","Sichuan","minor","1507258","1156817119"
Bel√©m,"Belem","-1.4558","-48.5039","Brazil","BR","BRA","Par√°","admin","1499641","1076646823"
Guiping,"Guiping","23.4000","110.0833","China","CN","CHN","Guangxi","minor","1496904","1156165517"
Leizhou,"Leizhou","20.9147","110.0806","China","CN","CHN","Guangdong","minor","1494700","1156863840"
Gwangju,"Gwangju","35.1667","126.9167","South Korea","KR","KOR","Gwangju","admin","1490092","1410000087"
Munich,"Munich","48.1375","11.5750","Germany","DE","DEU","Bavaria","admin","1488202","1276692352"
NƒÅsik,"Nasik","20.0000","73.7833","India","IN","IND","MahƒÅrƒÅshtra","","1486053","1356562598"
Porto Alegre,"Porto Alegre","-30.0328","-51.2300","Brazil","BR","BRA","Rio Grande do Sul","admin","1484941","1076658221"
Valencia,"Valencia","10.1667","-68.0000","Venezuela","VE","VEN","Carabobo","admin","1484430","1862309871"
Onitsha,"Onitsha","6.1667","6.7833","Nigeria","NG","NGA","Anambra","minor","1483000","1566593483"
Abu Dhabi,"Abu Dhabi","24.4511","54.3969","United Arab Emirates","AE","ARE","Ab≈´ ZÃßaby","primary","1483000","1784176710"
Virginia Beach,"Virginia Beach","36.7335","-76.0435","United States","US","USA","Virginia","","1478868","1840003871"
Daejeon,"Daejeon","36.3510","127.3850","South Korea","KR","KOR","Daejeon","admin","1475221","1410993875"
Zapopan,"Zapopan","20.7167","-103.4000","Mexico","MX","MEX","Jalisco","minor","1476491","1484198680"
Yekaterinburg,"Yekaterinburg","56.8356","60.6128","Russia","RU","RUS","Sverdlovskaya Oblast‚Äô","admin","1468833","1643582706"
Huazhou,"Huazhou","32.6832","112.0790","China","CN","CHN","Henan","minor","1468061","1156796734"
Ky≈çto,"Kyoto","35.0117","135.7683","Japan","JP","JPN","Ky≈çto","admin","1464890","1392622735"
Shuangyashan,"Shuangyashan","46.6388","131.1545","China","CN","CHN","Heilongjiang","minor","1462626","1156245904"
Pizhou,"Pizhou","34.3422","118.0097","China","CN","CHN","Jiangsu","","1458038","1156114238"
El Kelaa des Srarhna,"El Kelaa des Srarhna","32.0500","-7.4000","Morocco","MA","MAR","Marrakech-Safi","","1450021","1504846488"
Kharkiv,"Kharkiv","50.0000","36.2292","Ukraine","UA","UKR","Kharkivs‚Äôka Oblast‚Äô","admin","1446107","1804588111"
Yangshe,"Yangshe","31.8775","120.5512","China","CN","CHN","Jiangsu","minor","1432044","1156203000"
Guyuan,"Guyuan","36.0080","106.2782","China","CN","CHN","Ningxia","","1426000","1156817541"
Khulna,"Khulna","22.8167","89.5500","Bangladesh","BD","BGD","Khulna","admin","1400689","1050667339"
Muscat,"Muscat","23.6139","58.5922","Oman","OM","OMN","Masqa≈£","primary","1421409","1512035506"
Bronx,"Bronx","40.8501","-73.8662","United States","US","USA","New York","","1418207","1840033999"
Gaozhou,"Gaozhou","21.9135","110.8481","China","CN","CHN","Guangdong","","1414100","1156785303"
Chizhou,"Chizhou","30.6583","117.4849","China","CN","CHN","Anhui","minor","1402518","1156131504"
Farƒ´dƒÅbƒÅd,"Faridabad","28.4353","77.3147","India","IN","IND","HaryƒÅna","","1394000","1356013205"
Ulaanbaatar,"Ulaanbaatar","47.9214","106.9055","Mongolia","MN","MNG","Ulaanbaatar","primary","1396288","1496024767"
Goi√¢nia,"Goiania","-16.6806","-49.2564","Brazil","BR","BRA","Goi√°s","admin","1393575","1076034054"
Fuqing,"Fuqing","25.7232","119.3735","China","CN","CHN","Fujian","minor","1390487","1156893569"
Belgrade,"Belgrade","44.8167","20.4667","Serbia","RS","SRB","Beograd","primary","1378682","1688374696"
Pingdu,"Pingdu","36.7833","119.9556","China","CN","CHN","Shandong","","1378900","1156157078"
Milan,"Milan","45.4669","9.1900","Italy","IT","ITA","Lombardy","admin","1366180","1380724377"
AurangƒÅbƒÅd,"Aurangabad","19.8800","75.3200","India","IN","IND","MahƒÅrƒÅshtra","","1371330","1356840670"
Yutan,"Yutan","28.3147","112.5540","China","CN","CHN","Hunan","minor","1368117","1156592042"
Milwaukee,"Milwaukee","43.0642","-87.9673","United States","US","USA","Wisconsin","","1365787","1840003046"
Huangshan,"Huangshan","29.7132","118.3151","China","CN","CHN","Anhui","minor","1358980","1156527426"
Auckland,"Auckland","-36.8500","174.7833","New Zealand","NZ","NZL","Auckland","admin","1346091","1554435911"
Makassar,"Makassar","-5.1331","119.4136","Indonesia","ID","IDN","Sulawesi Selatan","admin","1338663","1360051337"
Santiago,"Santiago","19.4500","-70.7000","Dominican Republic","DO","DOM","Cibao Norte","admin","1343423","1214985348"
Prague,"Prague","50.0833","14.4167","Czechia","CZ","CZE","Praha, Hlavn√≠ Mƒõsto","primary","1335084","1203744823"
RƒÅjkot,"Rajkot","22.2969","70.7984","India","IN","IND","GujarƒÅt","","1335397","1356317190"
Liangshi,"Liangshi","27.2578","111.7351","China","CN","CHN","Hunan","","1335900","1156366507"
C√≥rdoba,"Cordoba","-31.4167","-64.1833","Argentina","AR","ARG","C√≥rdoba","admin","1329604","1032803249"
Guarulhos,"Guarulhos","-23.4667","-46.5333","Brazil","BR","BRA","S√£o Paulo","","1324781","1076730420"
Al Ba≈ürah,"Al Basrah","30.5150","47.8100","Iraq","IQ","IRQ","Al Ba≈ürah","admin","1326564","1368714645"
Saitama,"Saitama","35.8617","139.6453","Japan","JP","JPN","Saitama","admin","1320571","1392017719"
Ju√°rez,"Juarez","31.7386","-106.4870","Mexico","MX","MEX","Chihuahua","minor","1321004","1484840083"
Montevideo,"Montevideo","-34.8667","-56.1667","Uruguay","UY","URY","Montevideo","primary","1319108","1858107000"
Xintai,"Xintai","35.9100","117.7800","China","CN","CHN","Shandong","","1315942","1156761230"
Wusong,"Wusong","30.9333","117.7667","China","CN","CHN","Anhui","minor","1311726","1156264408"
Meerut,"Meerut","28.9900","77.7000","India","IN","IND","Uttar Pradesh","","1305429","1356390476"
Yushu,"Yushu","44.8249","126.5451","China","CN","CHN","Jilin","","1304436","1156326773"
Rongcheng,"Rongcheng","26.2312","104.0966","China","CN","CHN","Yunnan","","1302891","1156122888"
Huazhou,"Huazhou","21.6540","110.6294","China","CN","CHN","Guangdong","","1302100","1156282637"
Yangquan,"Yangquan","37.8576","113.5762","China","CN","CHN","Shanxi","minor","1300000","1156157844"
Adelaide,"Adelaide","-34.9275","138.6000","Australia","AU","AUS","South Australia","admin","1295714","1036538171"
Baishan,"Baishan","41.9377","126.4179","China","CN","CHN","Jilin","minor","1296127","1156960624"
Dayan,"Dayan","26.8808","100.2208","China","CN","CHN","Yunnan","","1296000","1156828380"
Haicheng,"Haicheng","40.8523","122.7474","China","CN","CHN","Liaoning","minor","1293877","1156052713"
Jiangyin,"Jiangyin","31.9087","120.2653","China","CN","CHN","Jiangsu","","1285785","1156033234"
Huaiyin,"Huaiyin","33.5819","119.0280","China","CN","CHN","Jiangsu","","1264000","1156662372"
Wuzhong,"Wuzhong","37.9874","106.1919","China","CN","CHN","Ningxia","minor","1284000","1156139322"
Cacuaco,"Cacuaco","-8.7833","13.3667","Angola","AO","AGO","Luanda","","1279488","1024559448"
Barranquilla,"Barranquilla","10.9639","-74.7964","Colombia","CO","COL","Atl√°ntico","admin","1274250","1170179113"
Sofia,"Sofia","42.6979","23.3217","Bulgaria","BG","BGR","Sofia-Grad","primary","1277411","1100762037"
Soweto,"Soweto","-26.2678","27.8586","South Africa","ZA","ZAF","Gauteng","","1271628","1710627007"
Jabalpur,"Jabalpur","23.1667","79.9333","India","IN","IND","Madhya Pradesh","","1267564","1356115460"
Rucheng,"Rucheng","32.3852","120.5634","China","CN","CHN","Jiangsu","minor","1267066","1156323529"
Nizhniy Novgorod,"Nizhniy Novgorod","56.3269","44.0075","Russia","RU","RUS","Nizhegorodskaya Oblast‚Äô","admin","1264075","1643012126"
Shaoyang,"Shaoyang","32.9387","119.8404","China","CN","CHN","Jiangsu","minor","1253548","1156668366"
DhanbƒÅd,"Dhanbad","23.7928","86.4350","India","IN","IND","Jharkhand","","1246000","1356103392"
Comayag√ºela,"Comayaguela","14.0833","-87.2167","Honduras","HN","HND","Francisco Moraz√°n","","1250000","1340762485"
Laiwu,"Laiwu","36.1833","117.6667","China","CN","CHN","Shandong","","1248636","1156207332"
Sharjah,"Sharjah","25.3575","55.3919","United Arab Emirates","AE","ARE","Ash ShƒÅriqah","admin","1247749","1784152993"
Jingling,"Jingling","30.6667","113.1667","China","CN","CHN","Hubei","","1247400","1156060544"
Kazan,"Kazan","55.7908","49.1144","Russia","RU","RUS","Tatarstan","admin","1243500","1643101260"
Suwon,"Suwon","37.2858","127.0100","South Korea","KR","KOR","Gyeonggi","admin","1234300","1410679777"
Yongcheng,"Yongcheng","33.9317","116.4459","China","CN","CHN","Henan","","1240382","1156841802"
Calgary,"Calgary","51.0500","-114.0667","Canada","CA","CAN","Alberta","","1239220","1124690423"
C·∫ßn Th∆°,"Can Tho","10.0333","105.7833","Vietnam","VN","VNM","C·∫ßn Th∆°","admin","1237300","1704783472"
Abuja,"Abuja","9.0556","7.4914","Nigeria","NG","NGA","Federal Capital Territory","primary","1235880","1566342270"
Mandalay,"Mandalay","21.9831","96.0844","Myanmar","MM","MMR","Mandalay","admin","1225546","1104468217"
Beidao,"Beidao","34.6020","105.9180","China","CN","CHN","Gansu","minor","1225000","1156137209"
Xiangshui,"Xiangshui","26.5964","104.8314","China","CN","CHN","Guizhou","","1221000","1156328867"
Dadukou,"Dadukou","26.5849","101.7149","China","CN","CHN","Sichuan","minor","1214121","1156901342"
Vila Velha,"Vila Velha","3.2167","-51.2167","Brazil","BR","BRA","Amap√°","","1209091","1076575691"
Chelyabinsk,"Chelyabinsk","55.1500","61.4000","Russia","RU","RUS","Chelyabinskaya Oblast‚Äô","admin","1202371","1643224011"
Mombasa,"Mombasa","-4.0500","39.6667","Kenya","KE","KEN","Mombasa","admin","1200000","1404512373"
Providence,"Providence","41.8230","-71.4187","United States","US","USA","Rhode Island","admin","1203230","1840003289"
VƒÅrƒÅnasi,"Varanasi","25.3189","83.0128","India","IN","IND","Uttar Pradesh","","1198491","1356145782"
Qom,"Qom","34.6400","50.8764","Iran","IR","IRN","Qom","admin","1201158","1364701633"
Zhangye,"Zhangye","38.9355","100.4553","China","CN","CHN","Gansu","minor","1199515","1156180353"
Hiroshima,"Hiroshima","34.4000","132.4500","Japan","JP","JPN","Hiroshima","admin","1198021","1392373695"
Maiduguri,"Maiduguri","11.8333","13.1500","Nigeria","NG","NGA","Borno","admin","1197497","1566540296"
Maputo,"Maputo","-25.9153","32.5764","Mozambique","MZ","MOZ","Maputo","primary","1191613","1508074843"
Doha,"Doha","25.3000","51.5333","Qatar","QA","QAT","Ad Daw·∏©ah","primary","1186023","1634459660"
Rosario,"Rosario","-32.9575","-60.6394","Argentina","AR","ARG","Santa Fe","minor","1193605","1032770677"
Pikine,"Pikine","14.7500","-17.4000","Senegal","SN","SEN","Dakar","","1170791","1686165071"
Xinyu,"Xinyu","27.7950","114.9242","China","CN","CHN","Jiangxi","minor","1186700","1156138735"
AhvƒÅz,"Ahvaz","31.3203","48.6692","Iran","IR","IRN","Kh≈´zestƒÅn","admin","1184788","1364350188"
Jacksonville,"Jacksonville","30.3322","-81.6749","United States","US","USA","Florida","","1181496","1840015031"
Medina,"Medina","24.4667","39.6000","Saudi Arabia","SA","SAU","Al Madƒ´nah al Munawwarah","admin","1180770","1682345785"
Srƒ´nagar,"Srinagar","34.0911","74.8061","India","IN","IND","Jammu and Kashmƒ´r","admin","1180570","1356442950"
Omsk,"Omsk","54.9667","73.3833","Russia","RU","RUS","Omskaya Oblast‚Äô","admin","1178391","1643360863"
Liaoyuan,"Liaoyuan","42.8976","125.1381","China","CN","CHN","Jilin","","1176239","1156249772"
Cilacap,"Cilacap","-7.7167","109.0170","Indonesia","ID","IDN","Jawa Tengah","minor","1174964","1360503809"
Yingtan,"Yingtan","28.2333","117.0000","China","CN","CHN","Jiangxi","","1175000","1156301061"
Bandar Lampung,"Bandar Lampung","-5.4294","105.2625","Indonesia","ID","IDN","Lampung","admin","1166761","1360243491"
Samara,"Samara","53.1833","50.1167","Russia","RU","RUS","Samarskaya Oblast‚Äô","admin","1169719","1643205757"
Guankou,"Guankou","28.2363","113.6984","China","CN","CHN","Hunan","minor","1168056","1156249346"
Ulsan,"Ulsan","35.5500","129.3167","South Korea","KR","KOR","Ulsan","admin","1166033","1410134602"
Dingzhou,"Dingzhou","38.5158","114.9845","China","CN","CHN","Hebei","","1165182","1156656582"
Campinas,"Campinas","-22.9009","-47.0573","Brazil","BR","BRA","S√£o Paulo","","1164098","1076145766"
Lianyuan,"Lianyuan","27.6961","111.6659","China","CN","CHN","Hunan","minor","1162928","1156490109"
Dakar,"Dakar","14.7319","-17.4572","Senegal","SN","SEN","Dakar","primary","1146053","1686604760"
Rongcheng,"Rongcheng","29.8239","112.9019","China","CN","CHN","Hubei","minor","1162770","1156102432"
Kaiyuan,"Kaiyuan","36.0656","113.8153","China","CN","CHN","Henan","minor","1160000","1156441554"
Nay Pyi Taw,"Nay Pyi Taw","19.7475","96.1150","Myanmar","MM","MMR","Nay Pyi Taw","primary","1160242","1104838105"
Kigali,"Kigali","-1.9536","30.0606","Rwanda","RW","RWA","Kigali","primary","1156663","1646923541"
Leiyang,"Leiyang","26.4179","112.8457","China","CN","CHN","Hunan","minor","1151554","1156057789"
Yichun,"Yichun","47.7235","128.8893","China","CN","CHN","Heilongjiang","minor","1148126","1156757274"
Benin City,"Benin City","6.3176","5.6145","Nigeria","NG","NGA","Edo","admin","1147188","1566080151"
Birmingham,"Birmingham","52.4800","-1.9025","United Kingdom","GB","GBR","Birmingham","","1137100","1826423213"
Xiantao,"Xiantao","30.3833","113.4000","China","CN","CHN","Hubei","","1140100","1156216927"
Amritsar,"Amritsar","31.6269","74.8770","India","IN","IND","Punjab","","1132383","1356926507"
Callao,"Callao","-12.0611","-77.1333","Peru","PE","PER","Callao","admin","1129854","1604422141"
Monterrey,"Monterrey","25.6667","-100.3000","Mexico","MX","MEX","Nuevo Le√≥n","admin","1135512","1484559591"
Alƒ´garh,"Aligarh","27.8800","78.0800","India","IN","IND","Uttar Pradesh","","1131160","1356076391"
Yingchuan,"Yingchuan","34.1511","113.4733","China","CN","CHN","Henan","minor","1131896","1156748426"
Ciudad Nezahualc√≥yotl,"Ciudad Nezahualcoyotl","19.4100","-99.0300","Mexico","MX","MEX","M√©xico","","1109363","1484016661"
Tripoli,"Tripoli","32.8752","13.1875","Libya","LY","LBY","≈¢arƒÅbulus","primary","1126000","1434201852"
Nampo,"Nampo","38.7689","125.4505","North Korea","KP","PRK","P‚Äôy≈èngnam","","1127000","1408358410"
Rostov,"Rostov","47.2333","39.7167","Russia","RU","RUS","Rostovskaya Oblast‚Äô","admin","1125299","1643013518"
Tegucigalpa,"Tegucigalpa","14.0942","-87.2067","Honduras","HN","HND","Francisco Moraz√°n","primary","1126534","1340344059"
Tbilisi,"Tbilisi","41.7225","44.7925","Georgia","GE","GEO","Tbilisi","primary","1118035","1268203191"
GuwƒÅhƒÅti,"Guwahati","26.1722","91.7458","India","IN","IND","Assam","","1116267","1356593800"
Ufa,"Ufa","54.7261","55.9475","Russia","RU","RUS","Bashkortostan","admin","1115560","1643722928"
F√®s,"Fes","34.0433","-5.0033","Morocco","MA","MAR","F√®s-Mekn√®s","admin","1112072","1504861997"
Bi√™n H√≤a,"Bien Hoa","10.9508","106.8221","Vietnam","VN","VNM","ƒê·ªìng Nai","admin","1104000","1704863046"
N‚ÄôDjamena,"N'Djamena","12.1100","15.0500","Chad","TD","TCD","Ville de N‚ÄôDjam√©na","primary","1092066","1148708596"
Ikare,"Ikare","7.5304","5.7600","Nigeria","NG","NGA","Ondo","minor","1099931","1566683694"
Salt Lake City,"Salt Lake City","40.7777","-111.9306","United States","US","USA","Utah","admin","1098526","1840021383"
Bhilai,"Bhilai","21.2186","81.4314","India","IN","IND","Chhattƒ´sgarh","","1097000","1356071083"
HƒÅora,"Haora","22.5736","88.3251","India","IN","IND","West Bengal","","1077075","1356986516"
Tamale,"Tamale","9.4075","-0.8533","Ghana","GH","GHA","Northern","admin","1095808","1288890688"
Xibeijie,"Xibeijie","39.7370","98.5049","China","CN","CHN","Gansu","minor","1095947","1156960560"
Copenhagen,"Copenhagen","55.6805","12.5615","Denmark","DK","DNK","Hovedstaden","primary","1085000","1208763942"
Nezahualc√≥yotl,"Nezahualcoyotl","19.4000","-98.9889","Mexico","MX","MEX","M√©xico","minor","1077208","1484074285"
Hanchuan,"Hanchuan","30.6520","113.8274","China","CN","CHN","Hubei","","1092700","1156149248"
Gongzhuling,"Gongzhuling","43.5036","124.8088","China","CN","CHN","Jilin","","1092692","1156696810"
Krasnoyarsk,"Krasnoyarsk","56.0089","92.8719","Russia","RU","RUS","Krasnoyarskiy Kray","admin","1083865","1643544975"
Cologne,"Cologne","50.9422","6.9578","Germany","DE","DEU","North Rhine-Westphalia","","1083498","1276015998"
Yicheng,"Yicheng","31.3697","119.8239","China","CN","CHN","Jiangsu","minor","1082929","1156292419"
Zhufeng,"Zhufeng","36.0000","119.4167","China","CN","CHN","Shandong","","1081960","1156522825"
S√£o Gon√ßalo,"Sao Goncalo","-22.8269","-43.0539","Brazil","BR","BRA","Rio de Janeiro","","1077687","1076485783"
Nashville,"Nashville","36.1715","-86.7843","United States","US","USA","Tennessee","admin","1081903","1840036155"
Yerevan,"Yerevan","40.1814","44.5144","Armenia","AM","ARM","Yerevan","primary","1075800","1051074169"
Nur-Sultan,"Nur-Sultan","51.1333","71.4333","Kazakhstan","KZ","KAZ","Astana","primary","1078362","1398516045"
Nouakchott,"Nouakchott","18.0858","-15.9785","Mauritania","MR","MRT","","primary","1077169","1478414984"
Vereeniging,"Vereeniging","-26.6736","27.9319","South Africa","ZA","ZAF","Gauteng","","1074000","1710271883"
Richmond,"Richmond","37.5295","-77.4756","United States","US","USA","Virginia","admin","1075798","1840001698"
S√£o Lu√≠s,"Sao Luis","-2.5300","-44.3028","Brazil","BR","BRA","Maranh√£o","admin","1073893","1076819308"
RƒÅnchi,"Ranchi","23.3556","85.3347","India","IN","IND","Jharkhand","admin","1073440","1356110588"
San Pedro Sula,"San Pedro Sula","15.5000","-88.0333","Honduras","HN","HND","Cort√©s","admin","1073824","1340568412"
Taixing,"Taixing","32.1724","120.0142","China","CN","CHN","Jiangsu","minor","1073921","1156331200"
Gwalior,"Gwalior","26.2150","78.1931","India","IN","IND","Madhya Pradesh","","1069276","1356363967"
Memphis,"Memphis","35.1046","-89.9773","United States","US","USA","Tennessee","","1066967","1840015457"
Goyang,"Goyang","37.6564","126.8350","South Korea","KR","KOR","Gyeonggi","minor","1061929","1410511255"
BezwƒÅda,"Bezwada","16.5167","80.6167","India","IN","IND","Andhra Pradesh","","1048240","1356807575"
Edmonton,"Edmonton","53.5344","-113.4903","Canada","CA","CAN","Alberta","admin","1062643","1124290735"
Bishkek,"Bishkek","42.8667","74.5667","Kyrgyzstan","KG","KGZ","Bishkek","primary","1053900","1417191971"
Mizhou,"Mizhou","35.9900","119.3801","China","CN","CHN","Shandong","minor","1060000","1156935002"
Tunis,"Tunis","36.8008","10.1800","Tunisia","TN","TUN","Tunis","primary","1056247","1788742103"
Xishan,"Xishan","27.6609","113.4946","China","CN","CHN","Hunan","minor","1060000","1156155575"
Ezhou,"Ezhou","30.3972","114.8842","China","CN","CHN","Hubei","minor","1059700","1156414637"
Barquisimeto,"Barquisimeto","10.0678","-69.3467","Venezuela","VE","VEN","Lara","admin","1059092","1862860739"
Sendai,"Sendai","38.2683","140.8694","Japan","JP","JPN","Miyagi","admin","1058070","1392457903"
Hegang,"Hegang","47.3139","130.2775","China","CN","CHN","Heilongjiang","minor","1058665","1156541759"
Kathmandu,"Kathmandu","27.7167","85.3667","Nepal","NP","NPL","BƒÅgmatƒ´","primary","975453","1524589448"
Mexicali,"Mexicali","32.6633","-115.4678","Mexico","MX","MEX","Baja California","admin","1049792","1484788702"
Voronezh,"Voronezh","51.6717","39.2106","Russia","RU","RUS","Voronezhskaya Oblast‚Äô","admin","1047549","1643811064"
Perm,"Perm","58.0139","56.2489","Russia","RU","RUS","Permskiy Kray","admin","1048005","1643294442"
Changwon,"Changwon","35.2281","128.6811","South Korea","KR","KOR","Gyeongnam","admin","1046054","1410592618"
Zhongwei,"Zhongwei","37.5139","105.1884","China","CN","CHN","Ningxia","minor","1046000","1156956616"
Shouguang,"Shouguang","36.8833","118.7333","China","CN","CHN","Shandong","","1039205","1156787809"
Bogor,"Bogor","-6.5917","106.8000","Indonesia","ID","IDN","Jawa Barat","","1030720","1360771925"
Raleigh,"Raleigh","35.8325","-78.6435","United States","US","USA","North Carolina","admin","1038738","1840014497"
Cartagena,"Cartagena","10.4236","-75.5253","Colombia","CO","COL","Bol√≠var","admin","1036412","1170886102"
Chandƒ´garh,"Chandigarh","30.7353","76.7911","India","IN","IND","Chandƒ´garh","admin","1026459","1356739179"
Matola,"Matola","-25.9667","32.4667","Mozambique","MZ","MOZ","Maputo","","1032197","1508768577"
Jodhpur,"Jodhpur","26.2944","73.0278","India","IN","IND","RƒÅjasthƒÅn","","1033918","1356727084"
Ogbomoso,"Ogbomoso","8.1333","4.2500","Nigeria","NG","NGA","Oyo","minor","1032000","1566373448"
Shymkent,"Shymkent","42.3000","69.6000","Kazakhstan","KZ","KAZ","Ongt√ºstik Qazaqstan","admin","1028673","1398791401"
Niamey,"Niamey","13.5086","2.1111","Niger","NE","NER","Niamey","primary","1026848","1562932886"
Taizhou,"Taizhou","28.6583","121.4221","China","CN","CHN","Zhejiang","minor","1030200","1156322307"
Managua,"Managua","12.1500","-86.2667","Nicaragua","NI","NIC","Managua","primary","1028808","1558296252"
Bagam,"Bagam","1.0678","104.0167","Indonesia","ID","IDN","Kepulauan Riau","","1029808","1360405604"
ShubrƒÅ al Khaymah,"Shubra al Khaymah","30.1286","31.2422","Egypt","EG","EGY","Al Qaly≈´bƒ´yah","","1025569","1818909612"
Macei√≥,"Maceio","-9.6658","-35.7350","Brazil","BR","BRA","Alagoas","admin","1025360","1076440479"
Monrovia,"Monrovia","6.3106","-10.8047","Liberia","LR","LBR","Montserrado","primary","1021762","1430477826"
Wafangdian,"Wafangdian","39.6271","121.9972","China","CN","CHN","Liaoning","","1024876","1156476417"
Zhongxiang,"Zhongxiang","31.1690","112.5853","China","CN","CHN","Hubei","","1022514","1156631720"
Odesa,"Odesa","46.4775","30.7326","Ukraine","UA","UKR","Odes‚Äôka Oblast‚Äô","admin","1017699","1804178102"
Port-au-Prince,"Port-au-Prince","18.5425","-72.3386","Haiti","HT","HTI","Ouest","primary","987310","1332401940"
New Orleans,"New Orleans","30.0687","-89.9288","United States","US","USA","Louisiana","","1020886","1840001839"
Villahermosa,"Villahermosa","17.9892","-92.9281","Mexico","MX","MEX","Tabasco","admin","1013484","1484460894"
Th·ªß ƒê·ª©c,"Thu Duc","10.7924","106.7518","Vietnam","VN","VNM","H·ªì Ch√≠ Minh","minor","1013795","1704361621"
Volgograd,"Volgograd","48.7086","44.5147","Russia","RU","RUS","Volgogradskaya Oblast‚Äô","admin","1015586","1643577201"
Mysore,"Mysore","12.3086","76.6531","India","IN","IND","KarnƒÅtaka","","1014227","1356779323"
Islamabad,"Islamabad","33.6989","73.0369","Pakistan","PK","PAK","IslƒÅmƒÅbƒÅd","primary","1014825","1586306717"
Xinyi,"Xinyi","22.3559","110.9369","China","CN","CHN","Guangdong","","1013900","1156936644"
Raipur,"Raipur","21.2379","81.6337","India","IN","IND","Chhattƒ´sgarh","admin","1010087","1356374983"
Arequipa,"Arequipa","-16.3988","-71.5369","Peru","PE","PER","Arequipa","admin","1008290","1604723954"
Port Harcourt,"Port Harcourt","4.7500","7.0000","Nigeria","NG","NGA","Rivers","admin","1005904","1566070649"
Louisville,"Louisville","38.1663","-85.6485","United States","US","USA","Kentucky","","1005654","1840030815"
Zaoyang,"Zaoyang","32.1287","112.7581","China","CN","CHN","Hubei","","1004741","1156197076"
Shuizhai,"Shuizhai","33.4433","114.8994","China","CN","CHN","Henan","","1003698","1156462734"
Xingyi,"Xingyi","25.0910","104.9011","China","CN","CHN","Guizhou","","1004132","1156255316"
Kota,"Kota","25.1800","75.8300","India","IN","IND","RƒÅjasthƒÅn","","1001694","1356820310"
Quetta,"Quetta","30.1920","67.0070","Pakistan","PK","PAK","BalochistƒÅn","admin","1001205","1586556108"
Ottawa,"Ottawa","45.4247","-75.6950","Canada","CA","CAN","Ontario","primary","989567","1124399363"
Stockholm,"Stockholm","59.3294","18.0686","Sweden","SE","SWE","Stockholm","primary","975819","1752425602"
Asmara,"Asmara","15.3333","38.9167","Eritrea","ER","ERI","Ma‚ÄôƒÅkel","primary","963000","1232791236"
Freetown,"Freetown","8.4833","-13.2331","Sierra Leone","SL","SLE","Western Area","primary","951000","1694085071"
Vientiane,"Vientiane","17.9667","102.6000","Laos","LA","LAO","Viangchan","primary","948487","1418732714"
Jerusalem,"Jerusalem","31.7833","35.2167","Israel","IL","ISR","Jerusalem","primary","919438","1376261644"
Bangui,"Bangui","4.3732","18.5628","Central African Republic","CF","CAF","Bangui","primary","889231","1140080881"
Panama City,"Panama City","9.0000","-79.5000","Panama","PA","PAN","Panam√°","primary","880691","1591672475"
Amsterdam,"Amsterdam","52.3667","4.8833","Netherlands","NL","NLD","Noord-Holland","primary","862965","1528355309"
Lom√©,"Lome","6.1319","1.2228","Togo","TG","TGO","Maritime","primary","837437","1768409132"
Libreville,"Libreville","0.3901","9.4544","Gabon","GA","GAB","Estuaire","primary","797003","1266952885"
Zagreb,"Zagreb","45.8131","15.9772","Croatia","HR","HRV","Zagreb, Grad","primary","790017","1191233290"
Dushanbe,"Dushanbe","38.5731","68.7864","Tajikistan","TJ","TJK","Dushanbe","primary","778500","1762930616"
Lilongwe,"Lilongwe","-13.9833","33.7833","Malawi","MW","MWI","Lilongwe","primary","781538","1454688499"
Cotonou,"Cotonou","6.4020","2.5180","Benin","BJ","BEN","Littoral","primary","762000","1204955174"
Colombo,"Colombo","6.9167","79.8333","Sri Lanka","LK","LKA","Western","primary","752993","1144251314"
Pretoria,"Pretoria","-25.7464","28.1881","South Africa","ZA","ZAF","Gauteng","primary","741651","1710176249"
Winnipeg,"Winnipeg","49.8844","-97.1464","Canada","CA","CAN","Manitoba","admin","705244","1124224963"
Quebec City,"Quebec City","46.8139","-71.2081","Canada","CA","CAN","Quebec","admin","705103","1124823933"
Oslo,"Oslo","59.9111","10.7528","Norway","NO","NOR","Oslo","primary","693494","1578324706"
Athens,"Athens","37.9842","23.7281","Greece","GR","GRC","Attik√≠","primary","664046","1300715560"
Bujumbura,"Bujumbura","-3.3825","29.3611","Burundi","BI","BDI","Bujumbura Mairie","primary","658859","1108101689"
Helsinki,"Helsinki","60.1756","24.9342","Finland","FI","FIN","Uusimaa","primary","642045","1246177997"
Skopje,"Skopje","41.9833","21.4333","Macedonia","MK","MKD","Skopje","primary","640000","1807600615"
Chisinau,"Chisinau","47.0228","28.8353","Moldova","MD","MDA","Chi≈üinƒÉu","primary","639000","1498011437"
Riga,"Riga","56.9475","24.1069","Latvia","LV","LVA","Rƒ´ga","primary","614618","1428586192"
Kingston,"Kingston","17.9714","-76.7931","Jamaica","JM","JAM","Kingston","primary","580000","1388709177"
Rabat,"Rabat","34.0253","-6.8361","Morocco","MA","MAR","Rabat-Sal√©-K√©nitra","primary","572717","1504023252"
Vilnius,"Vilnius","54.6833","25.2833","Lithuania","LT","LTU","Vilniaus Miestas","primary","574147","1440887149"
San Salvador,"San Salvador","13.6989","-89.1914","El Salvador","SV","SLV","San Salvador","primary","567698","1222647454"
Djibouti,"Djibouti","11.5950","43.1481","Djibouti","DJ","DJI","Djibouti","primary","562000","1262028958"
Dublin,"Dublin","53.3497","-6.2603","Ireland","IE","IRL","Dublin","primary","553165","1372595407"
The Hague,"The Hague","52.0800","4.3100","Netherlands","NL","NLD","Zuid-Holland","primary","537833","1528799905"
Asunci√≥n,"Asuncion","-25.3000","-57.6333","Paraguay","PY","PRY","Asunci√≥n","primary","524190","1600057911"
Lisbon,"Lisbon","38.7080","-9.1390","Portugal","PT","PRT","Lisboa","primary","506654","1620619017"
Bratislava,"Bratislava","48.1447","17.1128","Slovakia","SK","SVK","Bratislavsk√Ω","primary","475503","1703195001"
Kitchener,"Kitchener","43.4186","-80.4728","Canada","CA","CAN","Ontario","","470015","1124158530"
Tallinn,"Tallinn","59.4372","24.7450","Estonia","EE","EST","Harjumaa","primary","438341","1233260021"
Beirut,"Beirut","33.8869","35.5131","Lebanon","LB","LBN","Beyrouth","primary","361366","1422847713"
Cape Town,"Cape Town","-33.9250","18.4250","South Africa","ZA","ZAF","Western Cape","primary","433688","1710680650"
Tirana,"Tirana","41.3300","19.8200","Albania","AL","ALB","Tiran√´","primary","418495","1008162156"
Wellington,"Wellington","-41.2889","174.7772","New Zealand","NZ","NZL","Wellington","primary","418500","1554772152"
Dodoma,"Dodoma","-6.1835","35.7460","Tanzania","TZ","TZA","Dodoma","primary","410956","1834288497"
Halifax,"Halifax","44.6475","-63.5906","Canada","CA","CAN","Nova Scotia","admin","403131","1124130981"
Bissau,"Bissau","11.8592","-15.5956","Guinea-Bissau","GW","GNB","Bissau","primary","395954","1624168850"
Canberra,"Canberra","-35.2931","149.1269","Australia","AU","AUS","Australian Capital Territory","primary","381488","1036142029"
Juba,"Juba","4.8500","31.6000","South Sudan","SS","SSD","Central Equatoria","primary","372410","1728444337"
Yamoussoukro,"Yamoussoukro","6.8161","-5.2742","C√¥te d'Ivoire","CI","CIV","Yamoussoukro","primary","355573","1384683557"
Victoria,"Victoria","48.4283","-123.3647","Canada","CA","CAN","British Columbia","admin","335696","1124147219"
Maseru,"Maseru","-29.3100","27.4800","Lesotho","LS","LSO","Maseru","primary","330790","1426977668"
Nicosia,"Nicosia","35.1725","33.3650","Cyprus","CY","CYP","Lefkos√≠a","primary","330000","1196944155"
Windhoek,"Windhoek","-22.5700","17.0836","Namibia","NA","NAM","Khomas","primary","322500","1516802003"
Port Moresby,"Port Moresby","-9.4789","147.1494","Papua New Guinea","PG","PNG","National Capital","primary","317374","1598685395"
Porto-Novo,"Porto-Novo","6.4833","2.6167","Benin","BJ","BEN","Ou√©m√©","primary","300000","1204172060"
Sucre,"Sucre","-19.0431","-65.2592","Bolivia","BO","BOL","Chuquisaca","primary","300000","1068823873"
San Jos√©,"San Jose","9.9333","-84.0833","Costa Rica","CR","CRI","San Jos√©","primary","288054","1188749877"
Ljubljana,"Ljubljana","46.0500","14.5167","Slovenia","SI","SVN","Ljubljana","primary","286745","1705917455"
Sarajevo,"Sarajevo","43.8563","18.4132","Bosnia And Herzegovina","BA","BIH","Bosnia and Herzegovina, Federation of","primary","275524","1070966777"
Nassau,"Nassau","25.0667","-77.3333","The Bahamas","BS","BHS","","primary","274400","1044318561"
Bloemfontein,"Bloemfontein","-29.1000","26.2167","South Africa","ZA","ZAF","Free State","primary","256185","1710495933"
Fort-de-France,"Fort-de-France","14.6104","-61.0800","Martinique","MQ","MTQ","","primary","253995","1474969110"
New Delhi,"New Delhi","28.6139","77.2090","India","IN","IND","Delhi","primary","249998","1356215164"
Gaborone,"Gaborone","-24.6569","25.9086","Botswana","BW","BWA","Gaborone","primary","231626","1072756768"
Paramaribo,"Paramaribo","5.8667","-55.1667","Suriname","SR","SUR","Paramaribo","primary","223757","1740518660"
Dili,"Dili","-8.5536","125.5783","Timor-Leste","TL","TLS","D√≠li","primary","222323","1626308942"
Male,"Male","4.1750","73.5083","Maldives","MV","MDV","Maale","primary","133019","1462441685"
Georgetown,"Georgetown","6.7833","-58.1667","Guyana","GY","GUY","Demerara-Mahaica","primary","200500","1328160906"
Gibraltar,"Gibraltar","36.1324","-5.3781","Gibraltar","GI","GIB","","primary","187083","1292385245"
Saint-Denis,"Saint-Denis","-20.8789","55.4481","Reunion","RE","REU","","primary","190047","1638024662"
Malabo,"Malabo","3.7521","8.7737","Equatorial Guinea","GQ","GNQ","Bioko Norte","primary","187302","1226861333"
Podgorica,"Podgorica","42.4397","19.2661","Montenegro","ME","MNE","Podgorica","primary","174515","1499454516"
Manama,"Manama","26.2250","50.5775","Bahrain","BH","BHR","Al ‚ÄòƒÄ≈üimah","primary","157474","1048989486"
Port Louis,"Port Louis","-20.1667","57.5000","Mauritius","MU","MUS","Port Louis","primary","149194","1480131261"
Willemstad,"Willemstad","12.1080","-68.9350","Cura√ßao","CW","CUW","","primary","150000","1531000000"
Bern,"Bern","46.9480","7.4474","Switzerland","CH","CHE","Bern","primary","133798","1756374318"
Papeete,"Papeete","-17.5334","-149.5667","French Polynesia","PF","PYF","√éles du Vent","primary","131695","1258907380"
Luxembourg,"Luxembourg","49.6106","6.1328","Luxembourg","LU","LUX","Luxembourg","primary","128512","1442262731"
Reykjav√≠k,"Reykjavik","64.1475","-21.9350","Iceland","IS","ISL","","primary","128793","1352327190"
Praia,"Praia","14.9177","-23.5092","Cabo Verde","CV","CPV","Praia","primary","127832","1132398770"
Sri Jayewardenepura Kotte,"Sri Jayewardenepura Kotte","6.9000","79.9164","Sri Lanka","LK","LKA","Western","primary","115826","1144239330"
Bridgetown,"Bridgetown","13.0975","-59.6167","Barbados","BB","BRB","Saint Michael","primary","110000","1052274244"
Moroni,"Moroni","-11.7036","43.2536","Comoros","KM","COM","Grande Comore","primary","111329","1174793581"
Thimphu,"Thimphu","27.4833","89.6333","Bhutan","BT","BTN","Thimphu","primary","104000","1064010361"
Mbabane,"Mbabane","-26.3208","31.1617","Swaziland","SZ","SWZ","Hhohho","primary","94874","1748811945"
Noum√©a,"Noumea","-22.2625","166.4443","New Caledonia","NC","NCL","Province Sud","primary","93060","1540958092"
Honiara,"Honiara","-9.4333","159.9500","Solomon Islands","SB","SLB","Honiara","primary","84520","1090737486"
Suva,"Suva","-18.1333","178.4333","Fiji","FJ","FJI","Rewa","primary","88271","1242615095"
Ankara,"Ankara","39.9300","32.8500","Turkey","TR","TUR","Ankara","primary","77168","1792572891"
Castries,"Castries","14.0167","-60.9833","Saint Lucia","LC","LCA","Castries","primary","70000","1662922505"
Cayenne,"Cayenne","4.9330","-52.3300","French Guiana","GF","GUF","","primary","61550","1254304969"
S√£o Tom√©,"Sao Tome","0.3333","6.7333","Sao Tome And Principe","ST","STP","S√£o Tom√©","primary","56166","1678301324"
Port-Vila,"Port-Vila","-17.7333","168.3167","Vanuatu","VU","VUT","Shefa","primary","51437","1548805075"
Hamilton,"Hamilton","32.2942","-64.7839","Bermuda","BM","BMU","Hamilton","primary","52320","1060000000"
Bandar Seri Begawan,"Bandar Seri Begawan","4.9167","114.9167","Brunei","BN","BRN","Brunei and Muara","primary","50000","1096465895"
Monaco,"Monaco","43.7396","7.4069","Monaco","MC","MCO","","primary","36371","1492854256"
Gitega,"Gitega","-3.4283","29.9250","Burundi","BI","BDI","Gitega","primary","41944","1108778000"
Port of Spain,"Port of Spain","10.6667","-61.5167","Trinidad And Tobago","TT","TTO","Port of Spain","primary","37074","1780670676"
Apia,"Apia","-13.8333","-171.8333","Samoa","WS","WSM","Tuamasaga","primary","37708","1882489296"
Tarawa,"Tarawa","1.3382","173.0176","Kiribati","KI","KIR","","primary","28802","1296152641"
Oranjestad,"Oranjestad","12.5186","-70.0358","Aruba","AW","ABW","","primary","34980","1533513057"
Saint Helier,"Saint Helier","49.1858","-2.1100","Jersey","JE","JEY","","primary","33522","1832490253"
Banjul,"Banjul","13.4531","-16.5775","The Gambia","GM","GMB","Banjul","primary","31356","1270723713"
Mamoudzou,"Mamoudzou","-12.7871","45.2750","Mayotte","YT","MYT","","primary","32057","1175099654"
Majuro,"Majuro","7.0918","171.3802","Marshall Islands","MH","MHL","Majuro","primary","30000","1584000000"
Douglas,"Douglas","54.1500","-4.4819","Isle Of Man","IM","IMN","","primary","27938","1833688345"
George Town,"George Town","19.2866","-81.3744","Cayman Islands","KY","CYM","","primary","27704","1136159124"
Victoria,"Victoria","-4.6236","55.4544","Seychelles","SC","SYC","English River","primary","26450","1690193579"
Kingstown,"Kingstown","13.1667","-61.2333","Saint Vincent And The Grenadines","VC","VCT","Saint George","primary","25000","1670376659"
Andorra la Vella,"Andorra la Vella","42.5000","1.5000","Andorra","AD","AND","Andorra la Vella","primary","22615","1020828846"
Saint John‚Äôs,"Saint John's","17.1211","-61.8447","Antigua And Barbuda","AG","ATG","Saint John","primary","21926","1028912067"
Nuku‚Äòalofa,"Nuku`alofa","-21.1347","-175.2083","Tonga","TO","TON","Tongatapu","primary","23221","1776737461"
Ashgabat,"Ashgabat","37.9500","58.3833","Turkmenistan","TM","TKM","Ahal","primary","19426","1795049992"
Nuuk,"Nuuk","64.1750","-51.7333","Greenland","GL","GRL","Sermersooq","primary","18326","1304028354"
Belmopan,"Belmopan","17.2500","-88.7675","Belize","BZ","BLZ","Cayo","primary","17222","1084586375"
Roseau,"Roseau","15.3000","-61.3833","Dominica","DM","DMA","Saint George","primary","16582","1212060440"
Basseterre,"Basseterre","17.2983","-62.7342","Saint Kitts And Nevis","KN","KNA","Saint George Basseterre","primary","13220","1659198919"
T√≥rshavn,"Torshavn","62.0000","-6.7833","Faroe Islands","FO","FRO","","primary","13326","1234904517"
Pago Pago,"Pago Pago","-14.2740","-170.7046","American Samoa","AS","ASM","","primary","12576","1016976740"
Valletta,"Valletta","35.8978","14.5125","Malta","MT","MLT","Valletta","primary","6444","1470574399"
Gaza,"Gaza","31.5069","34.4560","Gaza Strip","XG","XGZ","","primary","","1916116052"
Grand Turk,"Grand Turk","21.4664","-71.1360","Turks And Caicos Islands","TC","TCA","","primary","5801","1796965313"
Palikir,"Palikir","6.9178","158.1850","Federated States of Micronesia","FM","FSM","Pohnpei","primary","6227","1583008885"
Funafuti,"Funafuti","-8.5243","179.1942","Tuvalu","TV","TUV","Funafuti","primary","6025","1798251391"
Vaduz,"Vaduz","47.1397","9.5219","Liechtenstein","LI","LIE","Vaduz","primary","5668","1438317747"
Lobamba,"Lobamba","-26.4465","31.2064","Swaziland","SZ","SWZ","Hhohho","primary","5800","1748963140"
Avarua,"Avarua","-21.2070","-159.7710","Cook Islands","CK","COK","","primary","5445","1184217570"
Saint George‚Äôs,"Saint George's","12.0444","-61.7417","Grenada","GD","GRD","Saint George","primary","4315","1308891766"
San Marino,"San Marino","43.9320","12.4484","San Marino","SM","SMR","San Marino Citt√†","primary","4040","1674741947"
Al Quds,"Al Quds","31.7764","35.2269","West Bank","XW","XWB","","primary","","1934000006"
Capitol Hill,"Capitol Hill","15.2137","145.7546","Northern Mariana Islands","MP","MNP","","primary","2500","1580556972"
Stanley,"Stanley","-51.7000","-57.8500","Falkland Islands (Islas Malvinas)","FK","FLK","","primary","2213","1238780509"
Vatican City,"Vatican City","41.9033","12.4534","Vatican City","VA","VAT","","primary","825","1336000000"
Alofi,"Alofi","-19.0560","-169.9210","Niue","NU","NIU","","primary","1611","1570882835"
Basse-Terre,"Basse-Terre","16.0104","-61.7055","Guadeloupe","GP","GLP","","primary","307","1312938008"
Hag√•t√±a,"Hagta","13.4745","144.7504","Guam","GU","GUM","","primary","1051","1316937540"
Marigot,"Marigot","18.0706","-63.0847","Saint Martin","MF","MAF","","primary","","1663133172"
Jamestown,"Jamestown","-15.9251","-5.7179","Saint Helena, Ascension, And Tristan Da Cunha","SH","SHN","Saint Helena","primary","714","1654761576"
Brades,"Brades","16.7928","-62.2106","Montserrat","MS","MSR","Saint Peter","primary","391","1500971198"
Philipsburg,"Philipsburg","18.0256","-63.0492","Sint Maarten","SX","SXM","","primary","","1534859858"
Yaren,"Yaren","-0.5477","166.9209","Nauru","NR","NRU","Yaren","primary","","1520790128"
Pristina,"Pristina","42.6633","21.1622","Kosovo","XK","XKS","Prishtin√´","primary","","1901760068"
Gustavia,"Gustavia","17.8958","-62.8508","Saint Barthelemy","BL","BLM","","primary","","1652681565"
Road Town,"Road Town","18.4167","-64.6167","British Virgin Islands","VG","VGB","","primary","","1092732412"
Ngerulmud,"Ngerulmud","7.5006","134.6242","Palau","PW","PLW","Melekeok","primary","271","1585525081"
Saint-Pierre,"Saint-Pierre","46.7811","-56.1764","Saint Pierre And Miquelon","PM","SPM","","primary","","1666340272"
The Valley,"The Valley","18.2167","-63.0500","Anguilla","AI","AIA","","primary","","1660698387"
Mata-Utu,"Mata-Utu","-13.2825","-176.1736","Wallis And Futuna","WF","WLF","Uvea","primary","","1876784844"
Kingston,"Kingston","-29.0569","167.9617","Norfolk Island","NF","NFK","","primary","","1574121434"
Longyearbyen,"Longyearbyen","78.2167","15.6333","Svalbard","XR","XSV","","primary","","1930654114"
Tifariti,"Tifariti","26.0928","-10.6089","Morocco","MA","MAR","La√¢youne-Sakia El Hamra","primary","","1504999990"
Adamstown,"Adamstown","-25.0667","-130.0833","Pitcairn Islands","PN","PCN","","primary","","1612000000"
Flying Fish Cove,"Flying Fish Cove","-10.4167","105.7167","Christmas Island","CX","CXR","","primary","","1162889600"
King Edward Point,"King Edward Point","-54.2833","-36.5000","South Georgia And South Sandwich Islands","GS","SGS","","primary","","1239048838"
Bareilly,"Bareilly","28.3640","79.4150","India","IN","IND","Uttar Pradesh","","1000000","1356698199"
Qu·∫£ng H√†,"Quang Ha","16.0600","108.2500","Vietnam","VN","VNM","Qu·∫£ng Nam","","1000000","1704966442"
Xingcheng,"Xingcheng","24.1681","115.6669","China","CN","CHN","Guangdong","minor","993000","1156913008"
Dongtai,"Dongtai","32.8534","120.3037","China","CN","CHN","Jiangsu","minor","990306","1156536785"
Al Man≈ü≈´rah,"Al Mansurah","31.0500","31.3833","Egypt","EG","EGY","Ad Daqahlƒ´yah","admin","960423","1818255319"
Yingcheng,"Yingcheng","24.1878","113.4042","China","CN","CHN","Guangdong","minor","986400","1156012356"
Chiba,"Chiba","35.6073","140.1064","Japan","JP","JPN","Chiba","admin","981738","1392107144"
Pekanbaru,"Pekanbaru","0.5333","101.4500","Indonesia","ID","IDN","Riau","admin","983356","1360422679"
Luocheng,"Luocheng","22.7645","111.5745","China","CN","CHN","Guangdong","minor","984100","1156138895"
Dnipro,"Dnipro","48.4675","35.0400","Ukraine","UA","UKR","Dnipropetrovs‚Äôka Oblast‚Äô","admin","980948","1804152933"
Danyang,"Danyang","31.9948","119.5750","China","CN","CHN","Jiangsu","","980662","1156578273"
Natal,"Natal","-6.9838","-60.2699","Brazil","BR","BRA","Amazonas","","980588","1076336975"
Nada,"Nada","19.5000","109.5833","China","CN","CHN","Hainan","minor","977700","1156911678"
Zamboanga City,"Zamboanga City","6.9167","122.0833","Philippines","PH","PHL","Zamboanga","admin","977234","1608189351"
Kirkuk,"Kirkuk","35.4667","44.4000","Iraq","IQ","IRQ","Kirk≈´k","admin","975000","1368344172"
Naples,"Naples","40.8333","14.2500","Italy","IT","ITA","Campania","admin","966144","1380646673"
Wuchuan,"Wuchuan","21.4283","110.7749","China","CN","CHN","Guangdong","","972400","1156198103"
Huilong,"Huilong","31.8131","121.6574","China","CN","CHN","Jiangsu","minor","972525","1156485081"
Oklahoma City,"Oklahoma City","35.4676","-97.5136","United States","US","USA","Oklahoma","admin","972943","1840020428"
Morelia,"Morelia","19.7683","-101.1894","Mexico","MX","MEX","Michoac√°n de Ocampo","","962555","1484669072"
Cebu City,"Cebu City","10.2930","123.9020","Philippines","PH","PHL","Cebu","admin","964169","1608136151"
Shaoxing,"Shaoxing","30.0000","120.5833","China","CN","CHN","Zhejiang","minor","961200","1156893449"
Coimbatore,"Coimbatore","11.0000","76.9667","India","IN","IND","Tamil NƒÅdu","","959823","1356999503"
Santo Domingo Este,"Santo Domingo Este","18.4855","-69.8734","Dominican Republic","DO","DOM","Ozama","admin","948855","1214664832"
Setagaya,"Setagaya","35.6464","139.6533","Japan","JP","JPN","T≈çky≈ç","","940509","1392792380"
S≈èngnam,"Songnam","37.4386","127.1378","South Korea","KR","KOR","Gyeonggi","","948757","1410622472"
Taishan,"Taishan","22.2486","112.7850","China","CN","CHN","Guangdong","","953900","1156105450"
Fangchenggang,"Fangchenggang","21.6000","108.3000","China","CN","CHN","Guangxi","minor","953300","1156532454"
SolƒÅpur,"Solapur","17.6715","75.9104","India","IN","IND","MahƒÅrƒÅshtra","","951558","1356314385"
Tangier,"Tangier","35.7767","-5.8039","Morocco","MA","MAR","Tanger-T√©touan-Al Hoce√Øma","admin","947952","1504861504"
Anqiu,"Anqiu","36.3619","119.1072","China","CN","CHN","Shandong","","947723","1156592047"
Feicheng,"Feicheng","36.1860","116.7720","China","CN","CHN","Shandong","","946627","1156303834"
KermƒÅnshƒÅh,"Kermanshah","34.3167","47.0686","Iran","IR","IRN","KermƒÅnshƒÅh","admin","945651","1364535690"
Kitaky≈´sh≈´,"Kitakyushu","33.8833","130.8833","Japan","JP","JPN","Fukuoka","","935084","1392003140"
Meishan,"Meishan","34.1736","112.8390","China","CN","CHN","Henan","minor","936000","1156023073"
Khartoum North,"Khartoum North","15.6333","32.6333","Sudan","SD","SDN","Khartoum","","936349","1729318628"
Kisangani,"Kisangani","0.5153","25.1911","Congo (Kinshasa)","CD","COD","Tshopo","admin","935977","1180478201"
Aguascalientes,"Aguascalientes","21.8760","-102.2960","Mexico","MX","MEX","Aguascalientes","admin","934424","1484666646"
Marrakech,"Marrakech","31.6295","-7.9811","Morocco","MA","MAR","Marrakech-Safi","admin","928850","1504172585"
Donetsk,"Donetsk","48.0089","37.8042","Ukraine","UA","UKR","Donets‚Äôka Oblast‚Äô","admin","929063","1804963805"
Trujillo,"Trujillo","-8.1119","-79.0289","Peru","PE","PER","La Libertad","admin","919899","1604613706"
Taihe,"Taihe","30.8706","105.3784","China","CN","CHN","Sichuan","minor","924531","1156281983"
Bridgeport,"Bridgeport","41.1918","-73.1953","United States","US","USA","Connecticut","","924449","1840004836"
Trichinopoly,"Trichinopoly","10.8269","78.6928","India","IN","IND","Tamil NƒÅdu","","916857","1356884472"
Xin‚Äôan,"Xin'an","34.3662","118.3369","China","CN","CHN","Jiangsu","","920628","1156236053"
Taihecun,"Taihecun","45.7680","131.0063","China","CN","CHN","Heilongjiang","minor","920471","1156875484"
Naucalpan de Ju√°rez,"Naucalpan de Juarez","19.4753","-99.2378","Mexico","MX","MEX","M√©xico","minor","913681","1484850125"
Owerri,"Owerri","5.4833","7.0333","Nigeria","NG","NGA","Imo","admin","908109","1566679132"
Padang,"Padang","-0.9556","100.3606","Indonesia","ID","IDN","Sumatera Barat","admin","914970","1360900986"
Qingzhou,"Qingzhou","36.6967","118.4797","China","CN","CHN","Shandong","","914047","1156874864"
Buffalo,"Buffalo","42.9016","-78.8487","United States","US","USA","New York","","914341","1840000386"
Lichuan,"Lichuan","30.2965","108.9378","China","CN","CHN","Hubei","","913700","1156302762"
Daye,"Daye","30.1003","114.9699","China","CN","CHN","Hubei","","909724","1156255811"
Fort Worth,"Fort Worth","32.7811","-97.3473","United States","US","USA","Texas","","909585","1840020696"
Hengzhou,"Hengzhou","22.6896","109.2674","China","CN","CHN","Guangxi","minor","908400","1156041202"
Campo Grande,"Campo Grande","-20.4686","-54.6222","Brazil","BR","BRA","Mato Grosso do Sul","admin","906092","1076660445"
Zhuanghe,"Zhuanghe","39.6896","122.9664","China","CN","CHN","Liaoning","","905852","1156410076"
Hartford,"Hartford","41.7661","-72.6834","United States","US","USA","Connecticut","admin","905152","1840004773"
Bobo-Dioulasso,"Bobo-Dioulasso","11.1833","-4.2833","Burkina Faso","BF","BFA","Hauts-Bassins","admin","903887","1854348796"
Ad DammƒÅm,"Ad Dammam","26.4333","50.1000","Saudi Arabia","SA","SAU","Ash Sharqƒ´yah","admin","903312","1682452296"
Lhasa,"Lhasa","29.6458","91.1408","China","CN","CHN","Tibet","admin","902500","1156369972"
Jiaozhou,"Jiaozhou","36.2481","119.9625","China","CN","CHN","Shandong","","900500","1156752602"
Taguig City,"Taguig City","14.5167","121.0500","Philippines","PH","PHL","Taguig","admin","886722","1608766695"
M√©rida,"Merida","20.9700","-89.6200","Mexico","MX","MEX","Yucat√°n","admin","892363","1484396779"
Yangchun,"Yangchun","22.1717","111.7846","China","CN","CHN","Guangdong","","891800","1156787307"
Bucheon,"Bucheon","37.4989","126.7831","South Korea","KR","KOR","Gyeonggi","minor","867678","1410428222"
Dengtalu,"Dengtalu","36.0819","114.3481","China","CN","CHN","Henan","minor","887000","1156202014"
Antipolo,"Antipolo","14.5842","121.1763","Philippines","PH","PHL","Rizal","admin","887399","1608824345"
Hubli,"Hubli","15.3619","75.1231","India","IN","IND","KarnƒÅtaka","","890000","1356102365"
Abeokuta,"Abeokuta","7.1500","3.3500","Nigeria","NG","NGA","Ogun","admin","888924","1566979497"
Canc√∫n,"Cancun","21.1606","-86.8475","Mexico","MX","MEX","Quintana Roo","minor","888797","1484010310"
Tucson,"Tucson","32.1545","-110.8782","United States","US","USA","Arizona","","888486","1840022101"
Krasnodar,"Krasnodar","45.0333","38.9833","Russia","RU","RUS","Krasnodarskiy Kray","admin","881476","1643438227"
Natal,"Natal","-5.7950","-35.2089","Brazil","BR","BRA","Rio Grande do Norte","admin","877662","1076697777"
Chihuahua,"Chihuahua","28.6353","-106.0889","Mexico","MX","MEX","Chihuahua","admin","878062","1484335603"
Klang,"Klang","3.0333","101.4500","Malaysia","MY","MYS","Selangor","","878000","1458509635"
Turin,"Turin","45.0667","7.7000","Italy","IT","ITA","Piedmont","admin","870952","1380244627"
Ar RamƒÅdƒ´,"Ar Ramadi","33.4258","43.2992","Iraq","IQ","IRQ","Al AnbƒÅr","admin","874543","1368838855"
Laiyang,"Laiyang","36.9758","120.7136","China","CN","CHN","Shandong","","874127","1156207330"
Sale,"Sale","34.0500","-6.8167","Morocco","MA","MAR","Rabat-Sal√©-K√©nitra","","850403","1504989034"
Jalandhar,"Jalandhar","31.3256","75.5792","India","IN","IND","Punjab","","873725","1356494816"
Kaifeng Chengguanzhen,"Kaifeng Chengguanzhen","34.8519","114.3481","China","CN","CHN","Henan","minor","872000","1156686574"
Ikeja,"Ikeja","6.6186","3.3426","Nigeria","NG","NGA","Lagos","admin","861300","1566486388"
Malang,"Malang","-7.9800","112.6200","Indonesia","ID","IDN","Jawa Timur","","866118","1360141408"
Marseille,"Marseille","43.2964","5.3700","France","FR","FRA","Provence-Alpes-C√¥te d‚ÄôAzur","admin","868277","1250774071"
Saltillo,"Saltillo","25.4333","-101.0000","Mexico","MX","MEX","Coahuila de Zaragoza","admin","864431","1484107245"
Gaomi,"Gaomi","36.3833","119.7500","China","CN","CHN","Shandong","","868715","1156673331"
Ipoh,"Ipoh","4.6000","101.0700","Malaysia","MY","MYS","Perak","admin","866772","1458423505"
Hai‚Äôan,"Hai'an","32.5320","120.4604","China","CN","CHN","Jiangsu","minor","866337","1156332302"
Oran,"Oran","35.6969","-0.6331","Algeria","DZ","DZA","Oran","admin","852000","1012126319"
Hermosillo,"Hermosillo","29.0989","-110.9542","Mexico","MX","MEX","Sonora","admin","855563","1484015319"
Weichanglu,"Weichanglu","37.1792","119.9333","China","CN","CHN","Shandong","minor","859424","1156194600"
Shache,"Shache","38.4261","77.2500","China","CN","CHN","Xinjiang","","851374","1156278934"
Leping,"Leping","28.9632","117.1203","China","CN","CHN","Jiangxi","minor","852800","1156705082"
Hailun,"Hailun","47.4585","126.9632","China","CN","CHN","Heilongjiang","minor","850000","1156804488"
Macheng,"Macheng","31.1817","115.0189","China","CN","CHN","Hubei","","849090","1156949639"
Akure,"Akure","7.2500","5.1950","Nigeria","NG","NGA","Ondo","admin","847903","1566568277"
Ilorin,"Ilorin","8.5000","4.5500","Nigeria","NG","NGA","Kwara","admin","847582","1566480168"
Teresina,"Teresina","-5.0949","-42.8042","Brazil","BR","BRA","Piau√≠","admin","847430","1076727667"
Yuci,"Yuci","37.6823","112.7281","China","CN","CHN","Shanxi","","840000","1156177817"
Omaha,"Omaha","41.2627","-96.0522","United States","US","USA","Nebraska","","847819","1840009315"
Saratov,"Saratov","51.5333","46.0000","Russia","RU","RUS","Saratovskaya Oblast‚Äô","admin","845300","1643556540"
Erbil,"Erbil","36.1911","44.0094","Iraq","IQ","IRQ","Arbƒ´l","admin","846000","1368578192"
Igua√ßu,"Iguacu","-22.7400","-43.4700","Brazil","BR","BRA","Rio de Janeiro","","844583","1076339714"
El Paso,"El Paso","31.8479","-106.4309","United States","US","USA","Texas","","843386","1840023252"
Pasig City,"Pasig City","14.5750","121.0833","Philippines","PH","PHL","Pasig","admin","803159","1608278212"
Denpasar,"Denpasar","-8.6667","115.2167","Indonesia","ID","IDN","Bali","admin","834881","1360848527"
Dehui,"Dehui","44.5323","125.6965","China","CN","CHN","Jilin","","839786","1156898134"
Bhubaneshwar,"Bhubaneshwar","20.2644","85.8281","India","IN","IND","Odisha","admin","837737","1356140143"
Tongchuan,"Tongchuan","34.9057","108.9422","China","CN","CHN","Shaanxi","minor","834437","1156849608"
Cheongju,"Cheongju","36.6372","127.4897","South Korea","KR","KOR","Chungbuk","admin","833276","1410964361"
Warri,"Warri","5.5167","5.7500","Nigeria","NG","NGA","Delta","minor","830106","1566325734"
Pointe-Noire,"Pointe-Noire","-4.7889","11.8653","Congo (Brazzaville)","CG","COG","Pointe-Noire","admin","829134","1178411563"
Sakai,"Sakai","34.5667","135.4833","Japan","JP","JPN","≈åsaka","","823523","1392003291"
Rongjiawan,"Rongjiawan","29.1409","113.1087","China","CN","CHN","Hunan","minor","826000","1156795164"
Butterworth,"Butterworth","5.3992","100.3639","Malaysia","MY","MYS","Pulau Pinang","","821652","1458469233"
Renqiu,"Renqiu","38.7094","116.1008","China","CN","CHN","Hebei","","822455","1156943939"
Honolulu,"Honolulu","21.3294","-157.8460","United States","US","USA","Hawaii","admin","820987","1840013305"
Xindi,"Xindi","29.8182","113.4653","China","CN","CHN","Hubei","","819446","1156263165"
Wu‚Äôan,"Wu'an","36.6941","114.1847","China","CN","CHN","Hebei","","819000","1156729960"
S√£o Bernardo do Campo,"Sao Bernardo do Campo","-23.6939","-46.5650","Brazil","BR","BRA","S√£o Paulo","","816925","1076793227"
Gaoyou,"Gaoyou","32.7847","119.4432","China","CN","CHN","Jiangsu","minor","811800","1156235854"
Culiac√°n,"Culiacan","24.8069","-107.3939","Mexico","MX","MEX","Sinaloa","admin","808416","1484516810"
Hejian,"Hejian","38.4451","116.0897","China","CN","CHN","Hebei","","810306","1156405731"
Yiyang,"Yiyang","26.4103","112.3913","China","CN","CHN","Hunan","minor","810447","1156142520"
Puxi,"Puxi","35.2125","114.7350","China","CN","CHN","Henan","minor","809535","1156046618"
Zijinglu,"Zijinglu","34.7513","112.9854","China","CN","CHN","Henan","minor","807857","1156086381"
Jo√£o Pessoa,"Joao Pessoa","-7.1200","-34.8800","Brazil","BR","BRA","Para√≠ba","admin","801718","1076922014"
McAllen,"McAllen","26.2273","-98.2471","United States","US","USA","Texas","","804114","1840021024"
Quer√©taro,"Queretaro","20.5875","-100.3928","Mexico","MX","MEX","Quer√©taro","admin","801940","1484604775"
Abaet√©,"Abaete","-19.1583","-45.4522","Brazil","BR","BRA","Minas Gerais","","800000","1076413528"
Palermo,"Palermo","2.8883","-75.4339","Colombia","CO","COL","Huila","minor","800000","1170614290"
Qingping,"Qingping","34.5380","113.3796","China","CN","CHN","Henan","minor","797200","1156033855"
Valencia,"Valencia","39.4700","-0.3764","Spain","ES","ESP","Valencia","admin","789744","1724981666"
Niigata,"Niigata","37.9161","139.0364","Japan","JP","JPN","Niigata","admin","790646","1392913753"
Leeds,"Leeds","53.7997","-1.5492","United Kingdom","GB","GBR","Leeds","","789194","1826343963"
MorƒÅdƒÅbƒÅd,"Moradabad","28.8437","78.7548","India","IN","IND","Uttar Pradesh","","787000","1356269375"
Hamamatsu,"Hamamatsu","34.7167","137.7333","Japan","JP","JPN","Shizuoka","","788211","1392174500"
Xiangxiang,"Xiangxiang","27.7389","112.5223","China","CN","CHN","Hunan","","787216","1156524101"
Chaohucun,"Chaohucun","31.6783","117.7353","China","CN","CHN","Anhui","","782000","1156671495"
Fuyang,"Fuyang","30.0553","119.9500","China","CN","CHN","Zhejiang","minor","771000","1156340393"
Homs,"Homs","34.7333","36.7167","Syria","SY","SYR","·∏®im≈ü","admin","775404","1760013934"
Lubango,"Lubango","-14.9167","13.5000","Angola","AO","AGO","Hu√≠la","admin","776249","1024669127"
San Luis Potos√≠,"San Luis Potosi","22.1511","-100.9761","Mexico","MX","MEX","San Luis Potos√≠","admin","772828","1484583620"
Cencheng,"Cencheng","22.9297","111.0186","China","CN","CHN","Guangxi","minor","772113","1156000460"
Dali,"Dali","25.7003","100.1564","China","CN","CHN","Yunnan","","771128","1156840276"
Hamh≈≠ng,"Hamhung","39.9167","127.5333","North Korea","KP","PRK","Hamnam","admin","768551","1408482040"
Krak√≥w,"Krakow","50.0614","19.9372","Poland","PL","POL","Ma≈Çopolskie","admin","766739","1616172264"
Hempstead,"Hempstead","40.6629","-73.6089","United States","US","USA","New York","","767417","1840005293"
Frankfurt,"Frankfurt","50.1136","8.6797","Germany","DE","DEU","Hesse","minor","764104","1276054552"
Al ‚ÄòAyn,"Al `Ayn","24.2075","55.7447","United Arab Emirates","AE","ARE","Ab≈´ ZÃßaby","","766936","1784674685"
Songzi,"Songzi","30.1772","111.7732","China","CN","CHN","Hubei","","765911","1156837705"
Laixi,"Laixi","36.8667","120.5333","China","CN","CHN","Shandong","","762900","1156973102"
Bahawalpur,"Bahawalpur","29.3956","71.6722","Pakistan","PK","PAK","Punjab","minor","762111","1586038700"
Zhongba,"Zhongba","31.7761","104.7406","China","CN","CHN","Sichuan","minor","762140","1156515985"
Kaduna,"Kaduna","10.5105","7.4165","Nigeria","NG","NGA","Kaduna","admin","760084","1566368729"
Qingnian,"Qingnian","36.8494","115.7061","China","CN","CHN","Shandong","minor","760781","1156689964"
Albuquerque,"Albuquerque","35.1053","-106.6464","United States","US","USA","New Mexico","","761195","1840019176"
Xinhualu,"Xinhualu","34.3962","113.7249","China","CN","CHN","Henan","minor","758079","1156544851"
Nerima,"Nerima","35.7500","139.6167","Japan","JP","JPN","T≈çky≈ç","","742463","1392093402"
Guangshui,"Guangshui","31.6189","113.8229","China","CN","CHN","Hubei","","755910","1156267419"
Tlajomulco de Z√∫√±iga,"Tlajomulco de Zuniga","20.4736","-103.4431","Mexico","MX","MEX","Jalisco","minor","727750","1484017493"
Samarinda,"Samarinda","-0.5022","117.1536","Indonesia","ID","IDN","Kalimantan Timur","admin","753370","1360684979"
Pietermaritzburg,"Pietermaritzburg","-29.6009","30.3796","South Africa","ZA","ZAF","KwaZulu-Natal","admin","750845","1710690280"
Changhua,"Changhua","24.0667","120.5333","Taiwan","TW","TWN","Changhua","admin","750000","1158439005"
KolhƒÅpur,"Kolhapur","16.7000","74.2333","India","IN","IND","MahƒÅrƒÅshtra","","750000","1356110593"
Sizhan,"Sizhan","39.0099","106.3694","China","CN","CHN","Ningxia","","751389","1156450911"
Ciudad Guayana,"Ciudad Guayana","8.3596","-62.6517","Venezuela","VE","VEN","Bol√≠var","minor","751331","1862889027"
C√∫cuta,"Cucuta","7.9075","-72.5047","Colombia","CO","COL","Norte de Santander","admin","750000","1170743755"
Licheng,"Licheng","31.4174","119.4786","China","CN","CHN","Jiangsu","minor","749522","1156933354"
≈åta-ku,"Ota-ku","35.5614","139.7161","Japan","JP","JPN","T≈çky≈ç","","737187","1392003511"
Thiruvananthapuram,"Thiruvananthapuram","8.5000","76.8997","India","IN","IND","Kerala","admin","743691","1356024354"
Tyumen,"Tyumen","57.1500","65.5333","Russia","RU","RUS","Tyumenskaya Oblast‚Äô","admin","744554","1643040435"
Nampula,"Nampula","-15.1167","39.2667","Mozambique","MZ","MOZ","Nampula","admin","743000","1508958445"
Zaporizhzhia,"Zaporizhzhia","47.8378","35.1383","Ukraine","UA","UKR","Zaporiz‚Äôka Oblast‚Äô","admin","741717","1804644752"
Chengguan,"Chengguan","35.5256","113.6976","China","CN","CHN","Henan","minor","740435","1156866870"
Kumamoto,"Kumamoto","32.8031","130.7078","Japan","JP","JPN","Kumamoto","admin","738385","1392106283"
Nehe,"Nehe","48.4800","124.8738","China","CN","CHN","Heilongjiang","","740000","1156609562"
Birmingham,"Birmingham","33.5277","-86.7987","United States","US","USA","Alabama","","739573","1840006507"
Zunhua,"Zunhua","40.1881","117.9593","China","CN","CHN","Hebei","minor","737011","1156756935"
Valenzuela,"Valenzuela","14.7000","120.9833","Philippines","PH","PHL","Valenzuela","admin","714978","1608492120"
Or≈´mƒ´yeh,"Orumiyeh","37.5486","45.0675","Iran","IR","IRN","ƒÄzÃÑarbƒÅyjƒÅn-e Gharbƒ´","admin","736224","1364158221"
Wugang,"Wugang","26.7345","110.6293","China","CN","CHN","Hunan","","734870","1156089788"
Osogbo,"Osogbo","7.7597","4.5761","Nigeria","NG","NGA","Osun","admin","731000","1566395088"
Shuangqiao,"Shuangqiao","35.0833","112.5833","China","CN","CHN","Henan","minor","733000","1156968311"
Comodoro Rivadavia,"Comodoro Rivadavia","-45.8667","-67.5000","Argentina","AR","ARG","Chubut","minor","730266","1032042035"
Cagayan de Oro,"Cagayan de Oro","8.4833","124.6500","Philippines","PH","PHL","Cagayan de Oro","admin","728402","1608831546"
Langzhong,"Langzhong","31.5504","105.9938","China","CN","CHN","Sichuan","minor","728935","1156930148"
Qian‚Äôan,"Qian'an","40.0059","118.6973","China","CN","CHN","Hebei","","728160","1156315498"
Lviv,"Lviv","49.8419","24.0315","Ukraine","UA","UKR","L‚Äôvivs‚Äôka Oblast‚Äô","admin","724314","1804939658"
Zouping,"Zouping","36.8625","117.7424","China","CN","CHN","Shandong","","726722","1156817518"
An Najaf,"An Najaf","32.0290","44.3396","Iraq","IQ","IRQ","An Najaf","admin","724700","1368003357"
Sagamihara,"Sagamihara","35.5667","139.3667","Japan","JP","JPN","Kanagawa","","722973","1392967248"
Sarasota,"Sarasota","27.3386","-82.5431","United States","US","USA","Florida","","722243","1840015988"
Mississauga,"Mississauga","43.6000","-79.6500","Canada","CA","CAN","Ontario","","721599","1124112672"
Okayama,"Okayama","34.6500","133.9167","Japan","JP","JPN","Okayama","admin","720043","1392954750"
Anlu,"Anlu","31.2575","113.6783","China","CN","CHN","Hubei","minor","720000","1156406202"
Dayton,"Dayton","39.7797","-84.1998","United States","US","USA","Ohio","","718353","1840034249"
Changsha,"Changsha","22.3762","112.6877","China","CN","CHN","Guangdong","minor","717700","1156011120"
Torre√≥n,"Torreon","25.5394","-103.4486","Mexico","MX","MEX","Coahuila de Zaragoza","minor","716672","1484215762"
Shihezi,"Shihezi","44.3000","86.0333","China","CN","CHN","Xinjiang","minor","717000","1156232270"
George Town,"George Town","5.4145","100.3292","Malaysia","MY","MYS","Pulau Pinang","admin","708127","1458236750"
Enugu,"Enugu","6.4403","7.4942","Nigeria","NG","NGA","Enugu","admin","715774","1566212729"
Soledad,"Soledad","10.9200","-74.7700","Colombia","CO","COL","Atl√°ntico","minor","698852","1170765625"
Jaboat√£o,"Jaboatao","-8.1803","-35.0014","Brazil","BR","BRA","Pernambuco","","702621","1076000699"
Yanggok,"Yanggok","37.6367","127.2142","South Korea","KR","KOR","Gyeonggi","","713321","1410188674"
